,期货结算价(活跃合约):焦煤,综合平均价格指数:环渤海动力煤(Q5500K),期货结算价(连续):布伦特原油,期货结算价(连续):IPE英国天然气,期货结算价(连续):WTI原油,钻机数量:美国:当周值,期货结算价(活跃合约):阴极铜,期货结算价(活跃合约):铝,总库存:LME铝,上期有色金属指数,期货结算价(活跃合约):甲醇,期货结算价(活跃合约):聚丙烯,期货结算价(活跃合约):燃料油,市场价:涤纶长丝(FDY150D/96F):全国,CCFEI价格指数:涤纶短纤,中国铁矿石价格指数(CIOPI):国产铁矿石,全国主要港口:铁矿石库存:总计(45港口),Myspic综合钢价指数,水泥价格指数:全国,22个省市:平均价:猪肉,平均价:羊肉:全国,期货结算价(活跃合约):菜籽油,日均产量:粗钢:重点企业(旬),日均产量:生铁:重点企业(旬),南华工业品指数,日均耗煤量:6大发电集团:合计:月:环比,期货结算价(活跃合约):IPE英国天然气:月:环比,全国主要港口:铁矿石库存:总计:环比,平均批发价:羊肉:月:环比
2014/3/31,,,,,,,,,,,,,,,,,,,,,,,,,,25.31 ,0.16 ,5.71,-1.59 
2014/4/30,1.643545601,-1.100865638,0.316314888,,1.49528872,1.743631658,1.009833662,1.376707405,0.320903883,1.252071869,2.118236087,4.420375354,-4.878162202,2.132029272,-0.095599732,-3.020653969,,1.686368963,-0.042885551,-7.527333894,-1.577599166,0.188393876,5.127288663,,0.329343093,-5.80 ,-11.59 ,1.41,-1.22 
2014/5/31,-2.841329048,0.904428904,1.051904496,,-0.235768516,1.256321963,3.002332273,-0.093455338,-1.411191256,2.774671118,-3.594891256,0.385879096,4.119850187,-2.856583072,-1.068248722,-2.39449015,,-1.44157051,-0.461166326,9.448619009,-0.514955288,1.219520985,1.842459776,,-1.207642477,-7.98 ,-11.62 ,2.56,1.18 
2014/6/30,-1.831771121,-0.988700565,2.43647545,,3.187837397,0.142377435,0.417114066,1.968372713,-3.013095245,0.175289185,0.601896542,2.902791491,-4.177335577,8.603725915,8.84779404,-8.36706062,,-1.701449578,-3.07895634,5.410013207,-0.224059337,-3.700162676,1.017428498,2.035317051,0.4438956,5.32 ,-8.27 ,1.01,0.01 
2014/7/31,-4.314809669,-5.148514851,-3.495787647,,-2.690496696,0.773024124,4.079847057,2.397296873,-2.537126257,4.240233303,0.333081806,-0.073812555,-3.126168582,1.030469415,2.991360769,-3.605519206,,-1.040856066,-3.684920779,0.119918455,-0.047925298,-6.054428931,-1.271611824,-1.124768089,-0.027053093,0.60 ,22.22 ,-0.58,-1.75 
2014/8/31,1.979373635,-5.208333333,-4.632206604,,-6.573561748,1.483718487,-1.201186246,2.482616286,-2.108798818,-1.022879267,5.668937415,-5.492103396,-6.931935039,-0.407981028,-1.933427726,-0.056246361,,-1.438670152,-3.162675866,6.705898147,0.113500367,-5.690005285,-0.991325898,-1.295955522,-1.988832819,-4.15 ,-16.41 ,-3.52,-0.64 
2014/9/30,-1.754385965,0.414937759,-4.895723126,,-3.269659931,1.321585903,-2.390539484,1.525645052,-3.830208344,-2.267879846,-1.09308342,-1.96741526,-18.56941134,-2.333165583,-5.093927373,-3.258325405,,-5.441557844,-0.404102162,2.077125329,0.292543978,-3.294939577,0.78423337,1.553345668,-5.381532716,-7.39 ,19.78 ,0.39,0.32 
2014/10/31,0.086935425,1.932858596,-11.94830975,,-10.30975211,-0.223353418,-2.721813494,-4.225360201,-4.134451849,-2.492889776,-5.268505298,-5.991821686,-2.074470146,-12.79343337,-10.71996818,-2.458819409,,-1.131433642,1.577742362,-3.379541542,-0.104038224,-1.986712456,-3.278246984,-5.168430013,-2.04444748,-3.93 ,9.01 ,-5.05,-0.13 
2014/11/30,-3.453829373,3.67466928,-10.57474691,,-11.25066671,-0.02337966,-0.415521425,-0.127186521,-2.972643399,-0.425196097,-2.146308332,-1.824912665,3.480664719,-2.124267757,-1.95990749,-3.066600246,,-0.078695286,0.678551117,-1.408062478,0.103930097,2.412821609,-4.160070537,-0.630239246,-1.312216522,8.03 ,25.05 ,0.69,-1.56 
2014/12/31,-1.174936239,2.735417461,-25.86308968,,-27.86402631,-2.27151966,-3.451708738,-3.856647474,-2.559782541,-3.140861703,-12.72782434,-21.36203064,-0.437466562,-8.856008901,-4.914578292,-5.671251307,,-2.352351587,-0.97705875,-1.563046775,0.433082937,-2.649454727,5.013609456,4.303782644,-1.582912367,11.14 ,-15.45 ,-3.69,-0.33 
2015/1/31,-2.857313201,-1.470019342,-27.14788083,,-25.28033609,-11.85070724,-8.732148505,-3.778821556,-3.703063767,-8.376047351,-13.94422053,-8.018663259,-0.357322566,-10.89340466,-11.71355578,-4.74592648,,-7.114958617,-2.267941929,-3.779294984,-0.613118421,0.988789648,-1.675988465,-0.975580914,-1.539806096,5.73 ,-5.25 ,-4.17,-1.29 
2015/2/28,0.529689915,-2.039473684,15.37019264,,6.698435263,-24.84511222,-1.386228653,2.130884451,-3.578928964,-0.589133802,7.800329882,7.159054372,1.361241827,2.531898329,2.671755454,-1.732398947,,-6.376511005,-1.117434747,-3.700728094,0.242344976,-2.985588397,-2.593070585,-0.84669966,1.054396322,-30.48 ,-4.72 ,-1.01,-0.87 
2015/3/31,-3.139361385,-4.521230875,-3.260288189,-6.036256879,-5.995447685,-21.58322057,3.184728715,0.36260852,-1.111680793,2.52092404,9.262835654,3.422905419,0.436579172,-0.152572612,0.176333883,-0.430666984,,-0.469176812,-1.335267022,0.150413638,-1.669991005,1.120943953,-1.870954693,-3.278183759,-1.04736503,15.42 ,,2.31,-0.18 
2015/4/30,-6.065881395,-7.245575221,6.865181786,-4.034344801,12.40022062,-13.63403383,1.547528676,0.808500412,-1.587423507,1.671183422,3.485821183,4.53747642,2.383308366,8.509789732,3.758545033,-6.915069796,,-1.391879143,-3.453491549,2.05033763,-2.561531303,0.983774935,5.063655741,4.713844228,-1.388777204,7.10 ,,-1.87,-2.63 
2015/5/31,1.016665436,-8.588588589,6.817489004,-6.818000474,7.990138048,-9.680683607,4.223480644,0.559540351,-2.04414208,4.030933992,0.072743102,-0.492050893,4.079731124,3.07264351,5.17034655,-0.224086489,,-2.35129441,-2.398382026,4.643158191,-1.87732418,1.823429964,0.107417567,-0.849187798,4.212556475,0.59 ,-5.53 ,-10.05,-3.73 
2015/6/30,0.943672275,0.23966447,-2.911003553,1.042514867,0.763240467,-3.328492594,-6.307447699,-3.564893696,-4.247641634,-6.290232655,-0.709712154,0.135741925,-7.600405801,-8.725832589,-3.353351826,0.469985245,,-5.452348734,-3.613970389,5.450520257,-1.053022795,0.326182549,0.389781608,1.533456347,-3.403175805,-3.97 ,0.98 ,-8.85,-1.46 
2015/7/31,-8.174780664,-0.01198466,-12.31121243,0.736499201,-17.47228817,0.65212373,-6.889294037,-3.580894999,-3.704525636,-6.810495802,-7.13824437,-3.974274486,-24.08995782,-0.615149864,-7.720535976,-4.156687817,,-8.412470181,-3.675177821,10.1773783,-0.775709958,-1.561689509,-5.624621594,-4.793405251,-9.277604073,4.46 ,0.83 ,0.82,-0.83 
2015/8/31,-5.450245155,-1.632155907,-17.75439627,-7.525788896,-18.74826518,1.824362606,-3.238733757,-3.312268318,-4.866197795,-2.623058697,-13.81200094,-7.529331306,-22.03066188,-2.405953944,-2.877167015,-0.307302832,,3.318496421,-3.295136031,7.260488704,-0.140023337,-3.807920203,1.997626582,1.170743482,-2.732269981,6.41 ,-6.14 ,-0.73,-0.40 
2015/9/30,-3.09540196,-2.369077307,0.687750917,2.501627571,5.666286121,-4.068396226,2.706251175,-1.122086813,-4.210550852,1.020016704,-4.688023505,-2.481157147,11.77206321,-0.624449676,1.967760735,-0.161394196,,-4.346933105,-0.73035062,0.358324146,-0.100116803,-2.283109663,-1.880024986,-1.962875603,-1.514724525,-19.07 ,2.78 ,1.84,-2.07 
2015/10/31,-2.648174121,-4.517810599,1.527977574,-1.060050873,1.780763564,-7.260308626,-0.951150284,-8.18968288,-3.510048843,-1.082177774,0.332869965,-4.236074446,5.831690974,-4.003700468,-2.370529872,-1.738014235,,-3.074322326,0.234177854,-5.393628353,-0.460983991,1.409817469,1.096119736,1.063333266,-2.635539724,-7.75 ,-1.65 ,1.05,-0.40 
2015/11/30,-3.565225411,-2.106897316,-7.315854852,-7.334044288,-7.843220312,-4.060546232,-8.594789267,-8.201621528,-4.629882971,-8.707314533,-5.01777219,-14.07869369,-2.080818532,-2.788877149,-1.606805213,-4.223635857,,-3.861724212,-0.748455562,-6.496854697,-0.590169463,-1.266798482,-3.255478959,-1.921406412,-5.722529047,12.32 ,-6.77 ,4.84,-0.88 
2015/12/31,-3.331650681,-1.11679225,-18.06568379,-6.547451233,-14.9909888,-6.916690121,-1.830303178,3.628000889,-2.037516171,-0.986105468,-10.87398601,-10.32228405,0.035725528,-4.869253395,-4.83386208,-10.23924164,,-3.859757632,-1.55347968,-0.372632233,-1.372602646,0.933271285,-4.22967205,-5.683060109,0.54315387,10.88 ,-6.13 ,6.71,-0.04 
2016/1/31,2.973233721,0.107526882,-21.85898705,-10.66737387,-17.47079568,-10.59922179,-0.626682123,1.713849781,-2.30831758,0.09277582,3.986495682,2.84549057,-8.059281236,0.275238574,-4.221085399,-3.695800572,2.795428858,4.501908164,-1.346772043,6.573959462,-1.464683692,-1.801655929,-1.632733139,-1.210096675,1.759384377,1.19 ,-10.30 ,3.99,-0.09 
2016/2/29,5.488815469,2.105263158,4.77715284,-10.15170856,-3.786485959,-20.77067669,1.466385897,2.526226013,-2.509385443,2.748014454,3.697455752,8.044980141,4.75056924,1.289532526,1.490125659,1.149252369,-1.953805183,1.387779818,-0.762772233,3.919722498,1.182569947,-0.275140825,2.571944356,2.837306279,4.368354929,-35.68 ,-9.44 ,-2.56,0.87 
2016/3/31,6.362678168,2.06185567,15.73977668,-1.862070115,19.34729506,-11.47197486,4.291588455,4.096687467,1.936775481,3.889374241,5.47801973,9.828996093,2.368023338,11.52688832,9.711369282,6.977621683,-0.488909475,14.59621382,0.246156474,0.502295769,-1.934835779,3.237967733,3.524229075,2.547183644,7.743100255,40.95 ,-2.06 ,0.4,-1.31 
2016/4/30,13.99624356,0.257069409,8.190038786,-2.006563844,7.693303663,-9.260531136,-1.280677645,5.724832881,-4.342255769,0.007170312,2.236967688,-2.212062954,-3.293543609,-2.351599609,-2.211756239,5.694914265,2.603456572,15.37540244,3.542545124,6.75,-0.779083586,4.894492035,4.181800334,3.34473892,7.098655476,1.29 ,-2.13 ,3.79,-0.85 
2016/5/31,-3.358980524,0,9.040046191,5.210737401,12.12031789,-7.255985267,-3.059753884,0.862892422,-5.171764184,-2.063974262,-2.475495698,-3.854405497,1.876280213,-1.138329512,-0.92514334,1.385637133,1.157352358,-7.942370891,2.509867744,3.042460715,-0.762850934,-0.022427877,2.667634863,1.192310001,-5.753350481,-2.12 ,6.39 ,0.74,-1.32 
2016/6/30,-0.553661662,2.310396786,4.567552804,12.35148949,4.209582825,2.279544091,-0.153361618,-1.551155604,-5.097237717,0.869993084,-0.335578028,7.178299151,4.96028656,-1.092469762,-2.056454766,-5.201033016,0.108878551,-9.278461696,-0.41654496,-1.674173536,-0.857965932,2.045441406,-1.397016082,1.582957611,1.588921909,8.59 ,14.36 ,-0.28,0.02 
2016/7/31,6.344374717,5.303210464,-7.290272226,4.333875183,-9.048497903,7.099866251,5.149867875,2.868263817,-5.241100078,6.012051923,0.626911695,12.36238358,1.340064753,4.193657621,3.550529457,2.102166116,5.941608014,4.987550337,-1.701501885,-5.295654664,-1.095283318,3.584169454,-2.917422777,-3.915952288,7.437115112,9.65 ,4.95 ,5.91,-1.01 
2016/8/31,11.76788848,9.453057709,1.323961074,-11.30648238,-0.000824938,6.784415584,-1.709090666,-0.681541541,-3.616632998,0.045847024,3.121707088,-5.027634207,0.090820243,1.657699893,0.948813146,5.080619877,-0.488352512,5.470296686,2.461080201,-0.795526292,-0.884156356,-0.928911919,2.217065752,2.445012175,2.718198306,7.97 ,-7.33 ,-0.64,-1.56 
2016/9/30,9.260086876,14.27780341,0.172149298,5.783003402,0.943232976,5.414701258,-0.458883068,-1.620718433,-3.555480743,0.132175508,2.86219153,-7.926559183,1.377635779,-0.278860791,-1.768843673,3.045976491,-2.599297383,-0.010719046,4.169548337,-2.733506301,-0.174580686,-0.838293247,2.390559574,2.348607402,-1.022668094,-18.67 ,5.63 ,-2.68,-0.91 
2016/10/31,21.70955638,6.594827586,8.070357372,27.00348858,9.439899308,6.341463415,1.590580733,6.383224595,-1.981136913,3.006350867,10.68853898,8.752123184,1.238698222,2.451189847,3.06898984,0.242993334,2.047762317,3.286794035,7.041588621,-7.205298013,-0.718066743,6.339358774,-1.731014987,-1.920937624,7.449682552,-4.44 ,33.73 ,2.04,-0.84 
2016/11/30,20.94076109,3.878024528,-9.152734694,7.444434868,-9.124395193,6.25539258,13.99269235,5.569632287,0.281415912,12.62867686,7.191064287,7.903026018,9.574831761,2.400201496,3.055789764,4.95789628,3.824938964,12.05415779,6.823599523,0.576131687,0.479165903,4.216165097,0.019358835,-0.521176541,13.54969932,7.91 ,7.42 ,4.43,0.57 
2016/12/31,-17.82288887,-1.411764706,14.27184596,-6.494049501,12.27133311,8.567371411,5.288064224,-5.845087676,-0.526008869,3.305846195,12.27483148,6.707930981,28.31227765,13.08304892,11.63953158,5.944498596,1.886156358,11.04744714,1.779529864,-0.279296411,1.187760275,6.402250488,-2.659088199,-3.853093051,5.471198285,10.48 ,-6.10 ,0.99,1.76 
2017/1/31,-4.139399919,-0.591715976,0.958433528,12.39178408,0.841661926,7.135531136,0.908809276,1.552862804,5.868659576,-0.288110335,-0.981042533,-3.26219075,5.808042384,1.212495081,1.316681134,0.711813752,4.966556124,-1.271002479,-0.639885039,4.204933586,1.568347888,-4.601402504,-1.580700515,-0.775339603,0.402433145,-6.00 ,13.69 ,4.21,2.20 
2017/2/28,0.233511138,-0.709421112,0.958981419,-4.51749911,1.596654787,8.235294118,3.236369087,5.59398855,-1.671520308,3.361166519,6.985157008,2.235494985,-4.243001031,-1.797295395,5.128457681,3.970421525,8.369386073,4.568049597,-1.231466613,-2.151579764,0.102372368,-2.034102053,3.346341463,3.313800768,4.143384446,-10.20 ,-4.08 ,9.1,1.66 
2017/3/31,5.909286731,1.849376114,-6.558602769,-23.52407029,-7.626120005,5.758996452,-1.521091925,-0.945949483,-9.80815988,-1.80701988,-11.27927811,-9.540951288,-10.91745646,-10.30022929,-9.473157888,8.435480666,2.377217328,2.396826557,2.41354396,-5.829982769,-2.145013457,-5.005220993,2.0750535,0.914969868,-2.409486523,18.79 ,-19.23 ,0.21,0.52 
2017/4/30,-10.67909841,0.432612313,2.378812256,-5.066400345,2.823806119,7.506592441,-2.22372511,2.663081695,-15.54094042,-3.2615833,-9.410994777,-5.521803716,-2.490575899,-3.988442417,-5.078894867,-13.80532276,0.077621613,-11.19544206,4.719224523,-2.004603474,-0.710622711,-5.957859991,5.066299044,4.49721792,-6.430382756,-2.43 ,-5.62 ,0.24,0.11 
2017/5/31,-11.32875225,-1.606086221,-4.725612064,-6.299376218,-5.310768658,4.424530944,-2.033964522,-2.04769109,-13.69672803,-2.300288329,-5.830059706,-1.025042948,3.519683144,-2.53218283,-2.512025298,-7.94757629,4.135963011,2.558721012,1.665439851,-4.106306503,-0.293901543,1.476730698,-2.456929396,-3.40266519,-3.451785787,-4.75 ,-4.16 ,8.04,-0.39 
2017/6/30,-4.829038427,-3.908651735,-8.068359672,-2.540124249,-7.398095161,4.149667168,0.899821817,-1.048598408,-6.838292281,0.597957726,0.1364377,-0.588951427,2.469661388,5.492200129,1.536919861,-4.677144757,3.355536006,1.968975838,-0.84990627,-7.981275875,-0.267059582,-2.232422555,3.690776638,2.695319264,-1.584243825,3.28 ,-1.95 ,2.7,-0.05 
2017/7/31,16.84097986,2.106620808,3.245130059,0.709444797,3.208907901,2.266526758,4.169798638,3.749193693,-4.66448993,4.471243736,5.77919058,5.493680347,-3.671144159,8.183251202,7.259874266,5.621456556,-0.391469676,5.846586961,-1.627106206,-1.703349282,0.156307466,6.143487178,-0.494657697,-1.038001749,8.307864397,14.92 ,1.33 ,0.25,0.01 
2017/8/31,12.91599837,0.017193948,5.246633066,15.00729432,2.837290996,-0.607020322,6.362005102,9.938875528,-5.061099182,7.018923499,7.52780154,6.926629705,2.102378653,-4.117247806,0.111842606,6.724620291,-3.797813711,7.909383055,-0.815829404,0.830367734,0.4466901,2.888307266,1.29432026,1.152848496,7.716083189,10.43 ,15.32 ,-3.51,-0.02 
2017/9/30,-4.374159923,0.368308351,6.571803515,6.167670743,3.418918998,-0.814176245,0.299996128,3.642352965,-0.337156034,0.676808771,5.670796325,2.965512937,1.157168434,6.105394292,7.239823051,0.21972149,-3.187264455,2.268072813,3.551634337,1.2695587,2.138218301,-0.145194852,-0.769327107,-1.582933208,-1.012355935,-10.65 ,8.15 ,-3.03,3.44 
2017/10/31,-17.86036095,-0.071428571,3.695668825,7.56382146,3.557542409,-1.964188823,4.935812031,-0.766896599,-7.056779821,3.181457106,-5.019400972,-1.672084177,-3.316124656,-2.076158904,1.869947149,-8.500996136,-0.104211027,-0.742824055,4.740228325,-0.530612245,2.530558789,-2.258699321,-2.674651432,-3.211120064,-5.573644287,-10.46 ,7.93 ,-0.3,3.61 
2017/11/30,8.101897784,-0.992613112,8.298326163,9.30693898,9.082316756,-1.180345869,-0.556453597,-6.000667683,-5.782022822,-0.729681155,6.698483611,1.460034323,0,3.293348261,1.790999298,-0.54252272,3.897462379,1.490704186,7.132612948,-0.882923546,2.104915268,1.692593358,-2.361745736,-3.075229967,2.563309709,-5.66 ,9.55 ,3.56,2.78 
2017/12/31,8.04659703,-0.190806592,1.883165023,8.343664842,2.068033956,2.069892473,-0.662272618,-6.190020193,-4.523608953,-1.667798981,3.010588756,0.970017929,0,-3.909605605,-2.483893018,4.969459647,3.692099344,6.438291982,14.75092914,3.672768879,2.43015595,-3.371375342,-1.661186726,-2.283153513,2.165441835,19.01 ,8.78 ,3.82,3.22 
2018/1/31,-0.496660499,0.190443213,7.247010982,-14.32119772,9.048271335,0.694073679,1.544764366,2.177421408,-1.271261653,3.06791796,-2.853628204,4.142179446,0,3.781657433,3.095130105,3.897656461,5.202720724,-9.18879733,-0.089623356,0.307973081,2.143043677,-1.498517307,1.774414631,2.228128829,1.389091769,5.55 ,-13.34 ,5.45,1.95 
2018/2/28,3.424753228,-0.452173913,-5.093733295,-0.388197869,-2.449517486,3.304078472,-2.646500882,-4.048585141,10.3335231,-1.073905042,-4.71015131,-2.368760756,0,-2.194332322,-0.210736764,0.188518186,2.073742613,-0.184170396,-6.251251835,-2.899061033,2.517104216,-2.827640468,2.513271096,3.024627963,-0.83859585,-23.44 ,-2.36 ,0.25,2.38 
2018/3/31,-5.268527273,-0.524475524,1.482360414,-4.191702226,0.929404268,2.033178232,-2.782213567,-1.883513589,6.376337353,-2.782217844,-1.484386347,-4.920589341,0,1.130806627,-2.211265602,0.037671864,3.283926869,-1.743115307,-4.041476169,-9.141217463,-1.867984926,1.1305899,-2.976381218,-4.030585524,-4.479491624,10.34 ,0.85 ,5.23,-0.13 
2018/4/30,-9.097276314,-0.262927257,7.02715974,0.263594276,5.358796712,2.239802225,-0.68627451,3.174528524,2.731966608,-0.00390585,-1.011563955,0.849555902,0,3.022980501,-1.173988712,-5.478828983,0.080740648,-1.018265405,2.657382096,-11.24453734,-1.06888361,2.002083539,6.885596939,7.874167712,-0.594267221,5.50 ,-2.66 ,-0.84,-0.20 
2018/5/31,2.901839075,0.131291028,6.809995658,9.220773374,5.021176045,3.275944524,0.586557034,1.404989335,-6.144419044,1.090267968,3.151988779,3.065383345,0.860613841,1.784431875,1.051528939,0.607986704,-0.888857727,3.75254391,4.500070428,-5.397016121,-0.598200455,2.043016369,3.443717588,2.91544097,4.072521254,7.21 ,10.14 ,-0.83,-0.38 
2018/6/30,0.03152059,-0.219298246,-1.402519267,-0.769750421,-3.727933809,0.994318182,2.394602135,-1.432007099,-9.251818873,2.794509542,0.314606742,-0.171897308,0.574386612,-3.201739216,-2.153534926,-0.537228108,-0.859641254,1.181001359,0.187696075,5.522760813,-0.048637731,-0.241295964,0.423578649,0.192616973,0.851864039,-3.50 ,0.63 ,-0.94,0.36 
2018/7/31,-5.405827975,-0.131752306,-1.320328731,5.901581551,4.712397006,-0.571428571,-6.236413917,-2.368197211,0.842504432,-5.637391152,4.003043662,1.342879408,-26.5790845,2.654326077,0.844087233,-1.795084913,-2.593024519,-0.165998635,-1.634861761,3.370355135,0.012363996,-1.688138513,-1.500488173,-1.432121247,-0.58773784,11.17 ,6.00 ,-3.23,0.23 
2018/8/31,7.775851719,-0.290697674,-1.503321921,8.715494525,-4.137440256,0,-1.120963566,3.168838505,-2.693294357,-0.795675499,11.18958941,6.155357679,3.090216145,11.94072747,15.65268417,3.577327957,-1.611469325,4.567196154,-0.693587629,9.227820372,0.570416994,1.453425398,-1.813710957,-1.955210026,5.695527548,-1.36 ,9.02 ,-1.32,0.92 
2018/9/30,1.135802956,0.202197802,6.6588221,13.82337332,3.162647705,0.237529691,-0.554636361,-0.049234555,-8.916870529,-1.389782121,0.666747028,-0.491159204,1.3483769,7.1253161,6.324953065,2.846032792,-2.717483054,0.920726888,2.386243145,6.489757914,1.691173508,0.757817709,3.469580149,2.892127404,-0.603452612,-17.31 ,17.56 ,-2.09,0.51 
2018/10/31,7.197109923,0.350416119,1.88524546,-3.830815617,0.984804262,0.941176471,3.025676201,-2.680103643,-2.918541624,1.496344979,0.907130707,2.359850008,8.920805437,-8.133235703,-6.835377618,3.666563053,-1.669340662,-0.186773614,2.860500133,-1.332704328,2.243943165,-0.153729213,-1.642654256,-2.196143653,2.20184645,-18.37 ,-3.64 ,-1.45,1.64 
2018/11/30,-1.52387668,0,-22.26031338,-3.753107228,-25.09218543,1.346332405,-1.642331472,-3.134433211,4.794812768,-2.62225871,-22.90622495,-9.411615257,-11.18513691,-16.81129176,-13.92932001,3.31521213,-1.503158518,-6.361909032,7.156007093,-2.890496068,3.199146081,-4.49938746,-2.126692879,-2.600727212,-7.122493602,1.49 ,-4.06 ,-1,4.22 
2018/12/31,-6.002470182,-0.087680842,-14.3470527,-3.32214779,-15.47791163,0.023207241,-1.06500792,-0.754990552,8.099280068,-1.390746101,-10.48925261,-8.200559588,-20.3077872,-1.528532976,-3.01637786,-6.79244565,-2.087747183,-7.13109943,2.425424834,0.951923077,3.224378366,2.714526879,-4.491920022,-2.939209049,-1.97967077,34.11 ,-3.87 ,-1.99,3.34 
2019/1/31,-5.414603032,0.131348511,4.260242964,-11.38399853,5.199475689,-1.173984503,-2.970245796,-1.989577517,10.76767403,-1.260102501,1.786935923,1.803328259,0.393460263,0.092160258,-1.170802411,1.101661902,2.114738383,-1.517563625,-4.553412137,-4.4045677,3.109808407,-0.056118742,-0.140798713,0.866087935,2.514592001,0.15 ,-11.14 ,1.62,3.23 
2019/2/28,5.355113636,0.46484602,6.503947462,-25.50660368,6.114263863,-1.598282443,3.514724972,0.581008068,-2.044245988,2.996068525,1.354157143,0.195434045,9.032492343,0.976591395,0.38800201,3.524047197,0.413019677,1.537221083,-3.408901574,-3.979645094,1.193755739,1.657829266,6.200367048,5.885467887,5.167571051,-29.95 ,-20.16 ,0.26,1.81 
2019/3/31,-2.68360233,0.749711649,3.873207917,-20.99937676,5.387137442,-2.483864659,0.020143132,0.883462586,-6.606041253,0.546174714,0.829724612,-0.475288087,0.140393763,1.51994411,-0.465953405,-0.011451551,2.832087679,1.648480649,-2.792312862,9.37470438,-2.482988273,4.533630975,-3.719846296,-5.227964736,-0.110108978,35.08 ,-17.33 ,4.1,-4.24 
2019/4/30,4.609638335,0.129589633,6.423347959,-8.497520617,8.928717876,-0.997530864,0.211635099,2.401936551,-10.23162745,0.095573659,-3.221873912,0.234954703,-0.621572212,-0.289412162,0.331511239,0.608044106,-4.731611892,2.776523758,1.993145166,7.54564338,-1.231130001,-0.111058118,5.743078961,5.351290262,2.733200901,-4.14 ,-7.94 ,-5.25,-2.28 
2019/5/31,5.204061277,0,-1.885448886,-14.49229736,-5.068189474,-2.645985401,-3.873837655,1.520149749,12.13535152,-3.421667199,-0.422654269,-4.331328672,-2.173023401,-12.21055875,-9.014496909,14.553584,-8.019968944,-0.082768473,0.872843938,2.546345621,0.140502883,0.346516015,2.049765952,1.76704598,1.04350598,-8.16 ,-11.97 ,-5.82,0.61 
2019/6/30,0.797367674,-0.25985275,-11.52486354,-14.71824475,-11.12025079,-1.743166581,-1.786710483,-1.839569161,-15.30805715,-1.404526954,-4.623387713,-2.489328727,-8.767019822,-2.718134559,-7.339659966,8.082527339,-10.24110161,-2.839572146,-1.03233307,3.376569899,0.25765483,-0.053047311,1.037010549,0.308049878,-0.858520791,6.93 ,-12.12 ,-10.32,1.74 
2019/7/31,0.386719487,0.025978524,1.832572752,7.725652161,4.881276364,-1.491756085,0.485242871,-0.770874505,-8.994012883,0.771484456,-6.084642101,6.338473368,-0.757896883,3.448019152,6.777025391,8.772083893,-2.252211524,0.831145257,-2.197282049,8.150529501,1.005086852,-1.517219301,-2.934631665,-2.547999622,3.044049386,6.55 ,30.34 ,-3.41,1.91 
2019/8/31,-2.33411137,-0.199566161,-7.920706578,5.636774746,-4.868021495,-3.136471604,-0.854243982,2.135636723,-0.068374335,1.840359889,-3.173666464,-7.828712192,-13.0696763,-7.83385021,-12.3435754,-1.887293519,2.774029645,-3.888128189,-0.903709559,15.73176951,2.767414901,5.321368422,2.307906049,3.278628538,-4.819102478,11.94 ,3.11 ,2.3,2.18 
2019/9/30,-4.111339075,0.259627867,4.47174898,7.182639603,3.555083062,-5.489749431,1.394339634,0.933995325,-6.910405104,3.208673247,6.680568412,1.271166883,0.917628375,-0.14598046,1.990324844,-4.343937348,1.603412269,-0.591620174,2.32874005,17.99803986,4.626775663,0.640946247,-3.600033867,-2.967107494,2.634827213,-11.02 ,17.55 ,1.45,4.35 
2019/10/31,-5.074899688,-0.129982669,-4.452242422,17.5525426,-5.295857001,-3.537735849,-0.07957497,-3.104619156,5.856048612,-1.488584082,-3.666022051,-1.080043144,-6.548748251,-5.501093701,-3.160853496,0.476404682,5.196824072,-1.097443201,2.631750556,20.20333681,3.359494392,-1.224314675,-1.633222042,-1.898527633,-2.658338504,-7.43 ,-3.27 ,6.14,1.11 
2019/11/30,-0.684224364,-2.577777778,4.907308666,1.624938085,5.462535268,-4.691358025,0.110520322,0.030702661,10.16076695,-2.191721152,-11.04165671,-1.56203588,-11.6077848,-6.22276385,-5.114083842,-2.807282273,-1.932854039,1.858200205,4.702688576,6.828073993,2.991393932,3.582109713,2.314947128,1.889031189,0.027705323,-0.45 ,0.65 ,-2.37,1.30 
2019/12/31,-2.548416689,-2.179836512,3.781098162,-13.46086596,4.475817368,-0.746268657,3.209247985,1.376189627,22.31154627,-0.171741668,4.537029258,-3.804608084,7.136421146,3.338665542,2.018171736,-0.484527644,0.065108616,0.615726837,4.149199065,-8.872434948,0.43157368,0.234788898,-2.735798546,-2.729999033,3.330549947,21.28 ,-12.54 ,0.53,0.01 
2020/1/31,-0.050163561,0.36199095,-2.357496397,-28.04232804,-3.852269165,-1.592115239,0.571671335,0.481270376,-2.615438397,0.429111842,8.809844223,-1.469665276,11.34037692,2.957908736,1.772343986,0.582800124,-0.931223625,-1.7744963,-0.725745671,2.220230297,1.510484686,2.708624671,2.451393335,3.022740919,1.77256957,-17.30 ,-23.57 ,-1.09,0.80 
2020/2/29,3.466609315,0.941281936,-14.76492362,-29.56160591,-13.72366315,-0.145523568,-7.050496987,-3.418932805,-13.74444412,-5.587733028,-9.058523567,-8.84931063,-8.415047867,-1.404099085,-5.724430051,-0.664086873,0.02627503,-4.273432789,-2.947333005,5.351432487,1.413822422,-2.745436704,-6.336779117,-1.622652302,-7.47630541,-35.68 ,-22.44 ,-0.35,0.87 
2020/3/31,0.982567353,-0.359874044,-64.49005444,-2.135615233,-66.2658209,-4.151565074,-9.567485732,-9.613823368,-13.29288749,-8.640374539,-14.84948002,-5.004364171,-28.14227323,-15.01286521,-10.39205108,0.279193438,-4.341033698,-1.771391184,-5.133466693,-0.376666339,-1.576138922,-8.08796607,-2.002887374,-3.122480681,-8.411892436,34.63 ,-2.39 ,-3.42,-0.21 
2020/4/30,-13.24189207,-4.034069637,-26.62428208,-43.825051,-82.37294814,-34.2920354,-0.861695561,-3.637121633,17.39345473,-0.972235065,-6.782632897,0.995660812,-3.54339116,-17.3161306,-4.069582035,-2.765011218,-2.847243357,-1.730197636,-3.910073667,-5.063748516,-1.778718168,-4.968610152,7.398507437,5.879631343,-2.878279874,4.19 ,-28.87 ,-2.1,-2.48 
2020/5/31,1.44341619,-1.27014218,17.81679277,-30.23800715,41.91443195,-62.35632184,4.713165316,5.714847247,9.966638162,4.257815366,1.20888286,4.979855028,-1.135373773,9.187124872,-0.323012579,1.262465213,-5.039383072,3.193251617,0.874357303,-10.93614,-1.39223987,1.896530719,5.065385728,3.053681642,4.658038251,13.18 ,-23.82 ,-6.35,-0.46 
2020/6/30,4.214315968,0.892437764,20.5059192,13.31781718,24.96392839,-27.23948812,6.636756409,6.057547522,10.53398387,4.651231509,0.075646845,5.141519016,5.820012595,2.906817633,1.152869414,7.17349321,-2.672436607,3.225915599,-1.33800036,-2.477554134,-0.457248833,7.101177689,2.643268268,2.351168576,5.110228576,0.95 ,14.95 ,-2.34,1.40 
2020/7/31,2.253622536,1.6900628,5.674697264,3.861475382,5.962753165,-7.170846395,8.884909244,5.315507046,4.198075006,6.747946949,2.595904804,2.066890343,0.178557773,-14.24761671,-7.657029526,2.710725992,3.425842719,1.444819988,-5.982713913,11.72753173,0.936343824,10.55875782,0.156941744,0.556644453,2.725849652,-0.79 ,4.71 ,3.36,1.17 
